PassengerId,Survived,Pclass,Name,Sex,Age,SibSp,Parch,Ticket,Fare,Cabin,Embarked
1,0,3,Passenger_1,male,32.7,1,0,A/1398,86.43,D33,S
2,1,3,Passenger_2,male,27.9,1,0,A/4202,9.89,nan,S
3,1,2,Passenger_3,female,17.7,5,0,A/1004,15.36,nan,S
4,0,3,Passenger_4,female,10.2,0,0,A/3126,32.45,nan,S
5,0,1,Passenger_5,male,5.6,0,0,A/6809,22.66,nan,Q
6,0,2,Passenger_6,male,31.7,0,4,A/4811,142.25,D33,S
7,0,3,Passenger_7,male,8.6,0,0,A/8121,79.73,nan,Q
8,1,1,Passenger_8,male,14.1,0,0,A/6069,83.48,nan,S
9,0,1,Passenger_9,male,26.9,0,1,A/2720,58.57,nan,S
10,1,1,Passenger_10,female,,0,0,A/2746,16.63,nan,S
11,0,1,Passenger_11,male,40.9,0,0,A/4965,21.23,nan,S
12,1,1,Passenger_12,female,-3.7,0,0,A/7445,25.81,nan,Q
13,1,3,Passenger_13,male,28.9,0,0,A/2389,44.41,nan,S
14,0,2,Passenger_14,male,,0,1,A/7470,54.46,C85,S
15,0,3,Passenger_15,female,37.5,0,0,A/3972,35.04,C85,Q
16,0,3,Passenger_16,male,29.4,0,1,A/9777,20.47,nan,S
17,0,2,Passenger_17,male,58.3,1,0,A/7790,5.29,nan,S
18,0,2,Passenger_18,male,33.0,0,0,A/1540,34.63,nan,S
19,0,2,Passenger_19,female,44.8,0,1,A/865,99.17,nan,S
20,0,3,Passenger_20,female,19.9,1,0,A/4192,145.28,nan,S
21,0,2,Passenger_21,male,31.7,0,0,A/9441,94.97,D45,S
22,0,3,Passenger_22,male,51.7,0,0,A/2766,27.95,nan,S
23,0,2,Passenger_23,male,,1,0,A/8755,74.35,nan,S
24,0,3,Passenger_24,female,,0,0,A/6068,86.19,C123,S
25,0,2,Passenger_25,female,43.7,1,0,A/7741,14.83,nan,Q
26,1,2,Passenger_26,male,19.6,1,0,A/2281,59.45,nan,S
27,0,3,Passenger_27,male,-0.3,0,0,A/9934,12.18,nan,S
28,0,3,Passenger_28,male,33.6,0,2,A/3988,111.45,nan,S
29,0,1,Passenger_29,female,43.8,0,0,A/940,53.27,nan,S
30,0,3,Passenger_30,female,11.1,0,1,A/5999,10.86,nan,S
31,0,3,Passenger_31,male,39.4,0,0,A/4218,68.49,nan,C
32,0,3,Passenger_32,male,39.5,0,0,A/665,87.94,nan,C
33,0,3,Passenger_33,male,-1.8,0,1,A/6105,44.91,nan,S
34,1,2,Passenger_34,female,16.9,0,0,A/9256,58.97,nan,S
35,1,1,Passenger_35,male,24.5,0,0,A/9287,31.51,B20,S
36,1,2,Passenger_36,female,27.5,0,0,A/7326,21.71,D45,S
37,0,3,Passenger_37,male,,0,0,A/9479,27.41,nan,S
38,0,3,Passenger_38,male,,1,0,A/5990,61.15,nan,C
39,1,2,Passenger_39,male,53.4,0,0,A/4411,28.6,nan,S
40,0,1,Passenger_40,male,,0,1,A/7836,75.04,D33,Q
41,0,3,Passenger_41,male,,2,0,A/8948,15.39,nan,S
42,0,3,Passenger_42,female,29.4,0,2,A/3082,18.67,nan,S
43,0,3,Passenger_43,female,37.5,0,2,A/9405,76.56,D33,S
44,1,1,Passenger_44,male,30.7,0,0,A/6183,46.09,A23,S
45,0,2,Passenger_45,male,27.1,0,0,A/656,14.41,nan,S
46,1,1,Passenger_46,female,20.9,0,1,A/3119,86.69,nan,S
47,0,3,Passenger_47,female,20.7,0,2,A/2680,0.56,C85,S
48,0,1,Passenger_48,male,21.6,0,0,A/8246,1.35,nan,C
49,0,3,Passenger_49,female,,1,0,A/8343,106.47,nan,S
50,0,2,Passenger_50,male,16.1,0,0,A/9653,7.3,nan,C
51,1,3,Passenger_51,male,35.5,0,0,A/9486,100.44,nan,S
52,1,3,Passenger_52,female,49.8,1,0,A/4119,68.61,nan,C
53,1,3,Passenger_53,female,34.6,0,0,A/3238,12.6,A23,S
54,1,1,Passenger_54,female,24.8,1,0,A/9940,56.95,nan,S
55,0,1,Passenger_55,male,11.8,0,0,A/771,77.24,nan,S
56,1,1,Passenger_56,male,,1,0,A/877,9.47,nan,S
57,0,3,Passenger_57,female,,0,0,A/5027,92.04,nan,S
58,0,3,Passenger_58,male,41.9,1,0,A/3122,137.15,C85,S
59,0,3,Passenger_59,male,,2,0,A/1960,49.51,nan,S
60,0,3,Passenger_60,male,26.7,0,0,A/3239,11.32,nan,S
61,0,3,Passenger_61,male,,0,0,A/1174,13.01,nan,S
62,0,1,Passenger_62,male,,0,0,A/9575,42.25,nan,S
63,1,3,Passenger_63,female,34.6,0,3,A/6863,49.05,C85,S
64,0,2,Passenger_64,male,38.7,0,0,A/2086,127.9,nan,S
65,0,2,Passenger_65,male,14.8,0,0,A/9293,83.54,nan,C
66,0,3,Passenger_66,male,27.8,0,0,A/6427,39.21,nan,S
67,0,1,Passenger_67,female,,0,3,A/1146,18.24,nan,S
68,1,1,Passenger_68,female,38.2,0,0,A/2276,185.74,nan,S
69,0,3,Passenger_69,male,30.1,0,0,A/2438,66.33,nan,S
70,1,1,Passenger_70,female,7.2,0,0,A/600,1.56,A23,S
71,1,3,Passenger_71,female,22.6,0,0,A/2333,23.77,nan,S
72,0,2,Passenger_72,female,33.1,0,0,A/4708,8.87,nan,S
73,0,2,Passenger_73,female,41.8,0,0,A/7334,85.23,B57,S
74,1,2,Passenger_74,male,,0,0,A/8072,50.63,nan,S
75,1,2,Passenger_75,female,60.6,0,0,A/6710,124.12,nan,C
76,1,3,Passenger_76,male,3.5,0,0,A/700,46.53,nan,S
77,1,2,Passenger_77,female,22.1,1,0,A/4384,37.76,nan,S
78,0,3,Passenger_78,female,28.8,0,1,A/9280,0.35,nan,S
79,0,3,Passenger_79,female,27.2,0,0,A/4583,61.08,C85,S
80,0,3,Passenger_80,female,,0,1,A/6001,26.38,nan,S
81,1,3,Passenger_81,male,,1,0,A/6229,33.0,nan,S
82,1,3,Passenger_82,male,,2,0,A/1854,14.06,nan,S
83,0,1,Passenger_83,female,30.7,0,0,A/2564,6.52,nan,Q
84,0,1,Passenger_84,female,,0,2,A/4582,102.22,B57,Q
85,0,2,Passenger_85,male,24.1,1,0,A/9786,99.66,nan,S
86,0,3,Passenger_86,male,7.4,0,0,A/9144,19.43,nan,Q
87,1,1,Passenger_87,male,20.0,0,0,A/7500,96.39,C85,S
88,1,3,Passenger_88,female,32.2,0,0,A/6906,26.34,nan,S
89,1,3,Passenger_89,female,32.3,0,0,A/8743,18.67,nan,S
90,0,2,Passenger_90,male,30.6,2,0,A/7496,37.86,nan,S
91,0,3,Passenger_91,male,,5,0,A/7438,49.24,nan,S
92,1,1,Passenger_92,female,,1,0,A/5341,7.23,nan,Q
93,1,1,Passenger_93,female,30.4,0,0,A/7494,36.09,nan,S
94,0,3,Passenger_94,male,38.0,1,0,A/6537,74.37,B20,S
95,1,3,Passenger_95,male,28.8,0,0,A/4795,41.48,nan,C
96,0,3,Passenger_96,male,12.6,0,0,A/2688,37.14,D33,S
97,0,2,Passenger_97,male,,1,0,A/1882,59.71,C123,S
98,0,2,Passenger_98,male,41.6,0,0,A/6047,68.34,D33,S
99,0,3,Passenger_99,female,49.5,0,3,A/6694,31.87,D33,S
100,0,3,Passenger_100,female,,0,2,A/3620,11.29,B20,S
101,0,3,Passenger_101,male,33.3,1,1,A/3318,44.46,nan,S
102,1,2,Passenger_102,female,13.2,0,0,A/3857,44.7,nan,S
103,0,3,Passenger_103,male,29.9,0,0,A/4116,24.48,C85,Q
104,0,2,Passenger_104,male,51.9,0,0,A/2937,88.58,E46,C
105,1,1,Passenger_105,male,,1,0,A/6100,48.79,nan,S
106,0,3,Passenger_106,male,27.1,1,0,A/7134,56.31,nan,S
107,0,1,Passenger_107,female,38.8,0,1,A/7409,87.37,nan,S
108,1,3,Passenger_108,female,12.2,0,1,A/4339,35.7,nan,Q
109,0,3,Passenger_109,male,20.3,0,1,A/4528,28.1,nan,S
110,0,1,Passenger_110,male,14.8,3,0,A/9711,59.55,nan,S
111,0,3,Passenger_111,female,36.6,0,0,A/4250,84.43,A23,C
112,0,3,Passenger_112,male,40.0,2,0,A/9622,60.42,nan,Q
113,1,3,Passenger_113,male,27.8,0,0,A/1546,25.56,nan,S
114,1,3,Passenger_114,female,,1,0,A/9732,46.62,nan,S
115,1,3,Passenger_115,male,29.7,1,0,A/6568,80.07,nan,S
116,1,3,Passenger_116,male,23.2,1,0,A/5890,11.54,nan,S
117,1,3,Passenger_117,male,18.9,3,0,A/4275,36.49,B57,S
118,0,2,Passenger_118,female,34.7,0,0,A/5180,22.14,B20,S
119,1,3,Passenger_119,male,19.4,0,1,A/964,45.67,nan,S
120,0,1,Passenger_120,male,,0,0,A/6960,80.83,nan,S
121,1,3,Passenger_121,female,11.2,1,1,A/8763,137.86,nan,S
122,1,3,Passenger_122,male,7.6,0,0,A/6317,8.69,nan,S
123,0,1,Passenger_123,female,33.5,0,0,A/5772,83.13,nan,S
124,0,3,Passenger_124,male,32.1,0,0,A/1602,7.1,E46,C
125,0,3,Passenger_125,female,31.4,0,0,A/4784,41.64,D45,S
126,0,1,Passenger_126,male,,0,3,A/1510,110.4,nan,S
127,1,3,Passenger_127,male,46.7,0,0,A/3870,8.98,C85,S
128,1,3,Passenger_128,male,21.7,1,0,A/4759,34.27,B57,S
129,0,1,Passenger_129,male,35.7,0,0,A/4101,55.08,nan,S
130,0,3,Passenger_130,female,7.9,0,1,A/3583,1.79,D33,C
131,0,2,Passenger_131,female,49.3,0,0,A/4662,60.31,nan,S
132,0,3,Passenger_132,male,12.6,0,0,A/698,56.46,nan,S
133,0,3,Passenger_133,male,20.1,1,0,A/9283,76.58,nan,S
134,0,3,Passenger_134,female,21.6,1,0,A/3141,23.92,nan,S
135,1,3,Passenger_135,female,8.6,0,0,A/8260,49.29,nan,Q
136,0,3,Passenger_136,male,30.5,1,0,A/6491,18.71,nan,S
137,0,3,Passenger_137,male,33.0,1,0,A/7387,72.03,nan,S
138,1,2,Passenger_138,male,27.3,1,1,A/166,41.47,nan,S
139,0,3,Passenger_139,female,,0,0,A/8223,64.28,E46,S
140,1,1,Passenger_140,male,57.8,2,0,A/2850,82.0,D45,C
141,1,3,Passenger_141,male,37.7,0,0,A/8761,15.52,nan,C
142,0,1,Passenger_142,male,66.9,0,0,A/6906,28.52,nan,C
143,0,1,Passenger_143,female,,0,0,A/6529,13.05,nan,S
144,0,1,Passenger_144,male,43.4,0,0,A/8223,60.1,nan,S
145,0,3,Passenger_145,male,40.9,0,0,A/1731,27.49,E46,S
146,0,2,Passenger_146,male,25.9,0,0,A/6552,42.15,nan,S
147,0,3,Passenger_147,female,49.8,0,0,A/874,46.34,nan,S
148,0,1,Passenger_148,male,24.3,1,0,A/6207,50.32,D33,S
149,0,2,Passenger_149,male,24.9,1,0,A/7904,35.16,nan,C
150,0,3,Passenger_150,male,-18.6,0,0,A/9778,0.36,nan,S
151,1,3,Passenger_151,male,35.7,1,0,A/4119,32.28,nan,S
152,0,2,Passenger_152,male,11.4,1,2,A/1029,13.14,D45,C
153,0,3,Passenger_153,female,,1,1,A/3112,46.29,nan,S
154,0,3,Passenger_154,female,15.6,0,0,A/5124,3.62,nan,S
155,1,3,Passenger_155,male,24.9,1,0,A/6364,79.48,nan,S
156,0,1,Passenger_156,female,36.2,2,1,A/8073,114.41,nan,S
157,1,1,Passenger_157,male,30.2,1,1,A/9797,67.56,E46,S
158,1,3,Passenger_158,male,39.9,0,1,A/4829,112.18,nan,S
159,0,1,Passenger_159,male,47.7,0,0,A/8061,39.27,nan,S
160,1,3,Passenger_160,male,24.8,0,0,A/2919,122.12,D45,S
161,0,3,Passenger_161,female,23.3,0,1,A/6755,137.72,nan,Q
162,1,3,Passenger_162,female,43.4,0,0,A/1284,51.67,nan,S
163,1,3,Passenger_163,female,44.5,0,0,A/8580,46.07,nan,S
164,0,3,Passenger_164,male,40.4,1,0,A/6443,39.32,A23,S
165,0,2,Passenger_165,male,16.7,1,0,A/627,13.79,nan,S
166,1,3,Passenger_166,male,35.9,0,0,A/1016,59.6,nan,S
167,0,2,Passenger_167,male,31.5,2,0,A/3674,37.06,nan,S
168,0,3,Passenger_168,male,,0,0,A/3419,1.77,nan,S
169,0,3,Passenger_169,male,22.0,0,0,A/1506,33.67,nan,S
170,0,3,Passenger_170,male,6.7,1,0,A/1341,95.23,B57,C
171,1,3,Passenger_171,male,39.7,1,0,A/5306,44.13,nan,S
172,0,3,Passenger_172,female,-5.8,2,0,A/7349,66.35,nan,S
173,0,2,Passenger_173,female,19.8,0,0,A/3233,21.15,nan,S
174,0,2,Passenger_174,female,15.7,1,1,A/898,57.6,nan,C
175,1,3,Passenger_175,female,15.6,0,0,A/1623,25.46,nan,S
176,0,1,Passenger_176,male,19.5,1,0,A/7309,10.01,nan,S
177,1,1,Passenger_177,male,,1,0,A/5028,29.87,nan,Q
178,0,2,Passenger_178,female,41.5,0,1,A/2988,28.82,C123,S
179,1,2,Passenger_179,male,,0,0,A/2790,6.51,D33,S
180,0,2,Passenger_180,male,45.9,1,0,A/4191,50.66,nan,S
181,0,1,Passenger_181,female,15.1,0,0,A/7382,41.49,D45,Q
182,0,1,Passenger_182,male,13.2,0,0,A/9533,75.32,nan,S
183,1,1,Passenger_183,male,,1,1,A/6349,4.97,C123,C
184,1,3,Passenger_184,male,,0,1,A/790,37.88,nan,S
185,0,2,Passenger_185,male,23.6,1,0,A/8819,1.41,nan,S
186,1,2,Passenger_186,male,14.1,0,0,A/1595,70.31,nan,S
187,1,3,Passenger_187,male,50.4,0,0,A/992,94.54,nan,C
188,0,1,Passenger_188,male,5.9,1,0,A/8678,59.17,nan,S
189,0,3,Passenger_189,male,21.6,0,0,A/9541,88.06,C123,S
190,0,3,Passenger_190,female,33.2,0,0,A/5973,36.62,B20,S
191,0,1,Passenger_191,male,,1,0,A/4603,75.28,nan,C
192,1,2,Passenger_192,male,,0,0,A/997,38.77,nan,S
193,1,3,Passenger_193,male,36.7,0,2,A/810,16.25,nan,S
194,1,3,Passenger_194,female,22.0,0,0,A/3795,47.34,nan,S
195,0,3,Passenger_195,male,38.0,1,1,A/2786,14.76,nan,Q
196,0,3,Passenger_196,male,,1,0,A/7288,151.96,nan,C
197,1,1,Passenger_197,female,7.8,1,0,A/5878,18.3,A23,S
198,1,3,Passenger_198,female,41.1,0,0,A/7868,67.25,nan,S
199,1,1,Passenger_199,male,43.6,1,0,A/5113,34.38,nan,S
200,1,3,Passenger_200,female,41.2,0,0,A/4612,26.68,nan,Q
201,1,3,Passenger_201,male,30.5,1,0,A/515,59.93,nan,S
202,0,3,Passenger_202,male,16.6,0,4,A/9763,72.45,nan,S
203,0,3,Passenger_203,male,-2.3,1,0,A/4280,112.47,nan,S
204,1,1,Passenger_204,male,32.2,1,0,A/4362,1.74,nan,Q
205,0,1,Passenger_205,female,45.1,0,2,A/2615,47.83,D45,S
206,0,1,Passenger_206,male,43.9,0,0,A/9387,18.74,D33,S
207,0,1,Passenger_207,male,41.4,1,0,A/9101,11.86,nan,C
208,1,3,Passenger_208,female,29.0,0,0,A/5740,2.48,nan,S
209,0,2,Passenger_209,female,45.2,3,1,A/6716,65.52,nan,S
210,0,1,Passenger_210,male,42.9,0,3,A/1092,32.48,C85,Q
211,0,3,Passenger_211,male,24.1,0,3,A/9573,6.48,C85,Q
212,1,3,Passenger_212,male,39.5,0,0,A/4470,64.43,nan,C
213,1,3,Passenger_213,female,,0,1,A/1873,68.34,nan,S
214,0,3,Passenger_214,female,37.6,2,0,A/3661,18.15,nan,S
215,1,1,Passenger_215,female,11.8,0,0,A/3916,41.9,nan,Q
216,0,2,Passenger_216,male,12.9,1,0,A/6733,61.03,A23,S
217,0,3,Passenger_217,male,44.8,0,0,A/1856,56.31,nan,C
218,1,3,Passenger_218,male,43.1,0,3,A/2473,37.03,nan,Q
219,1,1,Passenger_219,male,38.9,0,1,A/2676,106.63,nan,S
220,1,3,Passenger_220,male,31.2,0,0,A/9183,64.13,nan,C
221,1,1,Passenger_221,female,-3.5,3,0,A/4284,12.47,E46,C
222,0,1,Passenger_222,male,29.0,0,0,A/8999,12.77,A23,S
223,0,3,Passenger_223,male,,0,1,A/2497,7.1,A23,S
224,0,3,Passenger_224,female,22.5,0,0,A/6069,66.61,C85,S
225,0,3,Passenger_225,male,20.0,0,0,A/4635,3.86,nan,S
226,0,1,Passenger_226,female,50.2,0,0,A/6983,13.76,nan,S
227,1,3,Passenger_227,male,,1,0,A/8227,87.9,nan,S
228,0,2,Passenger_228,male,36.4,0,0,A/9268,44.58,nan,C
229,1,1,Passenger_229,male,40.8,0,2,A/834,94.93,nan,Q
230,1,3,Passenger_230,male,16.0,0,0,A/732,74.9,B20,S
231,1,3,Passenger_231,female,32.7,4,0,A/4368,23.83,nan,S
232,0,3,Passenger_232,male,48.5,0,0,A/4199,29.89,nan,S
233,0,3,Passenger_233,male,55.5,0,0,A/3001,84.5,nan,Q
234,0,3,Passenger_234,male,,0,3,A/1763,26.11,nan,S
235,0,3,Passenger_235,male,26.7,0,0,A/5691,55.99,nan,S
236,1,1,Passenger_236,female,33.8,0,0,A/3972,33.04,nan,Q
237,0,2,Passenger_237,male,33.4,0,0,A/1154,52.74,nan,S
238,0,2,Passenger_238,female,49.4,1,0,A/8672,40.98,E46,Q
239,1,2,Passenger_239,female,16.1,0,0,A/3182,6.87,nan,Q
240,0,3,Passenger_240,male,26.1,1,0,A/8107,23.38,D45,Q
241,1,3,Passenger_241,female,14.4,0,0,A/9884,35.46,nan,S
242,1,1,Passenger_242,male,,0,0,A/4361,61.54,A23,S
243,1,1,Passenger_243,male,35.3,0,0,A/2489,1.29,nan,C
244,0,3,Passenger_244,male,41.3,0,0,A/3653,162.56,D33,S
245,0,1,Passenger_245,female,20.9,1,0,A/5238,67.51,nan,S
246,1,3,Passenger_246,female,40.8,0,0,A/9499,9.07,nan,S
247,0,3,Passenger_247,male,45.6,0,1,A/644,105.21,nan,S
248,1,3,Passenger_248,female,57.1,0,1,A/3763,14.6,nan,S
249,1,3,Passenger_249,male,31.0,5,0,A/2339,7.32,nan,S
250,1,3,Passenger_250,male,21.0,0,0,A/3873,22.44,nan,S
251,0,2,Passenger_251,male,16.0,2,0,A/2727,47.8,nan,S
252,0,3,Passenger_252,female,,0,0,A/6718,103.43,nan,S
253,1,3,Passenger_253,male,47.5,0,1,A/6880,14.95,nan,S
254,0,2,Passenger_254,male,,0,0,A/8115,68.02,nan,S
255,0,3,Passenger_255,male,,0,0,A/3230,89.55,nan,S
256,0,3,Passenger_256,male,17.8,0,1,A/196,112.69,nan,S
257,1,3,Passenger_257,male,,0,1,A/3958,64.75,nan,S
258,1,3,Passenger_258,male,27.9,2,0,A/2808,58.0,nan,S
259,0,3,Passenger_259,female,,1,0,A/5497,46.33,nan,S
260,0,3,Passenger_260,male,43.0,1,0,A/6252,4.37,C123,S
261,0,3,Passenger_261,male,55.4,0,0,A/556,34.72,nan,S
262,1,3,Passenger_262,male,20.8,0,1,A/6014,84.59,nan,C
263,0,3,Passenger_263,female,23.9,0,1,A/4468,43.95,nan,S
264,0,3,Passenger_264,female,27.7,1,1,A/4188,47.72,nan,Q
265,1,3,Passenger_265,male,37.6,2,0,A/9323,3.91,C85,S
266,1,1,Passenger_266,female,27.9,0,1,A/8499,5.1,nan,Q
267,1,3,Passenger_267,male,49.4,0,0,A/2037,87.75,nan,S
268,1,3,Passenger_268,male,46.1,0,0,A/1246,23.6,nan,S
269,0,1,Passenger_269,male,13.4,0,0,A/5252,106.94,A23,S
270,0,3,Passenger_270,male,37.3,0,0,A/4399,9.51,nan,S
271,1,1,Passenger_271,male,51.3,0,0,A/8218,41.12,nan,S
272,1,2,Passenger_272,female,,1,0,A/8734,56.78,D33,S
273,1,3,Passenger_273,female,25.9,0,0,A/7859,66.0,nan,S
274,1,1,Passenger_274,female,,0,0,A/8053,5.7,nan,S
275,0,3,Passenger_275,male,22.9,5,0,A/4884,17.56,nan,C
276,0,3,Passenger_276,male,6.6,0,0,A/9124,48.2,D33,S
277,1,3,Passenger_277,female,11.4,0,0,A/1561,27.22,C123,Q
278,1,1,Passenger_278,male,31.1,0,1,A/1259,85.01,nan,S
279,1,2,Passenger_279,male,51.2,0,0,A/486,156.86,B20,S
280,1,3,Passenger_280,male,21.4,0,0,A/7292,50.46,D45,S
281,1,3,Passenger_281,female,21.0,1,0,A/4875,96.49,nan,S
282,0,3,Passenger_282,male,53.8,0,1,A/3509,40.26,nan,S
283,0,2,Passenger_283,male,14.5,0,0,A/789,104.41,nan,S
284,0,3,Passenger_284,female,6.7,0,0,A/7128,71.22,nan,S
285,0,3,Passenger_285,male,18.4,0,0,A/7362,38.06,nan,Q
286,0,3,Passenger_286,male,20.7,1,0,A/5764,73.0,nan,S
287,0,1,Passenger_287,male,5.5,1,0,A/6866,15.29,B20,Q
288,0,3,Passenger_288,male,28.2,0,0,A/9461,3.72,B20,Q
289,0,3,Passenger_289,female,43.3,1,0,A/1052,75.54,nan,C
290,0,3,Passenger_290,male,,0,0,A/6242,7.22,nan,S
291,0,2,Passenger_291,male,31.2,4,0,A/6067,67.12,nan,S
292,0,3,Passenger_292,female,,0,0,A/7305,36.54,nan,S
293,1,3,Passenger_293,female,28.8,4,0,A/2584,81.47,nan,S
294,0,1,Passenger_294,female,32.6,1,0,A/1954,6.28,A23,S
295,0,3,Passenger_295,male,32.8,0,0,A/3331,51.74,B57,S
296,0,3,Passenger_296,male,18.6,0,0,A/2697,14.7,nan,S
297,1,1,Passenger_297,female,51.0,5,0,A/7929,92.34,nan,S
298,0,2,Passenger_298,female,47.5,1,1,A/8286,101.04,nan,C
299,1,3,Passenger_299,male,46.7,0,2,A/4083,43.47,A23,S
300,0,1,Passenger_300,male,44.2,1,0,A/7063,57.19,nan,S
301,0,3,Passenger_301,male,,0,0,A/6784,11.34,nan,C
302,0,2,Passenger_302,female,43.0,0,0,A/756,61.57,nan,S
303,0,3,Passenger_303,male,39.2,0,1,A/7843,126.74,nan,S
304,1,1,Passenger_304,male,8.5,0,0,A/6939,1.75,nan,C
305,1,3,Passenger_305,male,27.0,1,0,A/6412,118.35,nan,S
306,1,3,Passenger_306,female,33.9,0,1,A/8038,54.93,nan,S
307,0,3,Passenger_307,female,53.3,1,0,A/6276,8.47,B20,S
308,0,3,Passenger_308,male,,0,1,A/3385,145.62,nan,S
309,1,1,Passenger_309,female,17.9,0,0,A/9877,54.58,D45,S
310,0,3,Passenger_310,female,53.7,0,0,A/5659,68.82,nan,S
311,0,1,Passenger_311,male,30.6,0,1,A/3663,21.53,nan,S
312,0,1,Passenger_312,male,26.4,0,0,A/4684,4.82,nan,S
313,0,2,Passenger_313,male,25.4,0,0,A/4917,43.39,nan,C
314,1,3,Passenger_314,female,7.3,0,0,A/5141,114.07,nan,S
315,1,3,Passenger_315,male,,0,2,A/6282,19.52,nan,C
316,1,3,Passenger_316,male,37.0,0,0,A/8126,33.66,nan,S
317,0,3,Passenger_317,female,24.6,0,0,A/3344,107.82,nan,C
318,0,2,Passenger_318,male,35.9,1,0,A/1140,19.98,nan,S
319,0,3,Passenger_319,female,,1,0,A/2373,60.51,nan,S
320,0,2,Passenger_320,male,28.0,0,0,A/3729,78.87,nan,S
321,0,3,Passenger_321,male,34.4,0,0,A/2214,25.16,nan,C
322,1,1,Passenger_322,female,32.7,0,0,A/7464,50.49,nan,S
323,1,3,Passenger_323,female,,2,1,A/1777,68.06,C85,S
324,0,3,Passenger_324,male,,0,0,A/3194,14.95,B20,S
325,1,1,Passenger_325,female,53.5,0,0,A/9290,75.79,E46,C
326,1,1,Passenger_326,female,23.1,0,0,A/5973,7.65,nan,S
327,0,3,Passenger_327,male,30.2,0,0,A/2384,1.25,nan,S
328,0,3,Passenger_328,female,28.8,0,1,A/5152,41.35,nan,S
329,0,2,Passenger_329,male,,1,0,A/7162,9.83,nan,S
330,0,3,Passenger_330,male,,0,0,A/1689,5.78,nan,Q
331,0,1,Passenger_331,male,41.3,0,0,A/9453,14.96,nan,C
332,1,2,Passenger_332,female,16.4,0,0,A/2620,65.6,D45,S
333,0,3,Passenger_333,female,35.0,0,0,A/4748,51.28,D33,S
334,0,2,Passenger_334,male,38.0,1,0,A/5829,63.73,nan,C
335,0,3,Passenger_335,male,20.2,0,0,A/794,2.45,nan,S
336,0,2,Passenger_336,male,17.8,1,0,A/7907,58.06,nan,Q
337,1,2,Passenger_337,male,53.9,0,0,A/3783,49.44,A23,S
338,1,3,Passenger_338,female,25.8,0,0,A/6804,3.25,nan,S
339,0,2,Passenger_339,female,52.6,2,3,A/7468,93.47,nan,S
340,0,3,Passenger_340,male,44.0,0,0,A/2071,2.08,A23,S
341,0,1,Passenger_341,female,35.7,1,0,A/9795,58.12,D45,Q
342,0,1,Passenger_342,male,36.3,0,0,A/8155,16.86,B57,S
343,0,1,Passenger_343,female,10.4,1,0,A/4318,8.44,nan,C
344,0,3,Passenger_344,female,32.9,0,0,A/1968,4.75,D45,S
345,0,2,Passenger_345,male,,0,1,A/1771,71.7,nan,C
346,0,3,Passenger_346,male,39.5,1,0,A/9374,53.05,nan,S
347,1,3,Passenger_347,female,,2,1,A/1828,83.41,C85,C
348,0,3,Passenger_348,male,54.0,1,0,A/7732,53.05,A23,S
349,0,1,Passenger_349,male,27.4,1,0,A/6503,45.56,nan,C
350,1,3,Passenger_350,male,21.3,1,1,A/6192,140.72,E46,S
351,0,3,Passenger_351,male,32.2,0,0,A/2242,53.76,nan,S
352,1,3,Passenger_352,male,40.7,0,2,A/9440,60.73,nan,C
353,1,3,Passenger_353,female,6.0,0,0,A/6284,16.16,C85,S
354,0,3,Passenger_354,female,34.0,0,2,A/6110,90.66,nan,S
355,0,3,Passenger_355,male,41.3,0,0,A/353,19.66,D33,S
356,1,1,Passenger_356,female,26.2,0,0,A/4202,65.49,nan,S
357,0,1,Passenger_357,male,45.5,0,0,A/3642,68.98,nan,S
358,0,3,Passenger_358,female,,1,0,A/2875,68.86,nan,S
359,1,3,Passenger_359,female,60.0,0,0,A/7778,18.98,C85,S
360,0,3,Passenger_360,male,19.5,0,0,A/6312,48.85,nan,S
361,0,3,Passenger_361,female,41.6,0,0,A/4737,102.87,nan,S
362,1,1,Passenger_362,male,,1,0,A/6134,76.14,D33,Q
363,0,1,Passenger_363,male,7.4,1,1,A/8557,96.22,nan,S
364,0,3,Passenger_364,female,1.5,0,0,A/6576,91.04,nan,S
365,1,2,Passenger_365,male,37.5,0,0,A/3248,8.79,nan,S
366,0,1,Passenger_366,male,32.6,0,0,A/3459,64.92,C123,S
367,1,3,Passenger_367,male,23.3,0,0,A/1104,51.25,nan,S
368,1,1,Passenger_368,female,5.2,0,0,A/4817,0.65,nan,S
369,0,3,Passenger_369,male,20.3,0,0,A/3371,104.63,C85,S
370,0,2,Passenger_370,male,,0,2,A/309,15.75,nan,S
371,0,3,Passenger_371,female,41.1,0,1,A/9179,58.4,nan,S
372,0,2,Passenger_372,female,29.8,2,0,A/5639,135.68,nan,C
373,0,3,Passenger_373,male,33.5,2,0,A/253,63.11,C85,S
374,1,1,Passenger_374,male,24.7,0,0,A/3693,73.22,nan,S
375,0,1,Passenger_375,male,54.5,0,0,A/8706,14.02,nan,S
376,0,2,Passenger_376,male,15.7,0,0,A/1384,49.2,nan,S
377,1,3,Passenger_377,male,,0,0,A/3248,47.88,nan,C
378,0,3,Passenger_378,female,23.1,2,0,A/868,6.07,nan,Q
379,1,2,Passenger_379,female,37.6,0,0,A/9274,26.51,nan,S
380,0,3,Passenger_380,male,15.5,1,0,A/5707,40.02,nan,S
381,0,3,Passenger_381,male,31.9,0,1,A/3302,17.66,nan,S
382,1,3,Passenger_382,female,32.3,4,0,A/2887,83.69,nan,C
383,1,1,Passenger_383,male,20.3,0,1,A/2310,2.34,nan,Q
384,1,3,Passenger_384,female,34.6,1,4,A/9330,130.36,nan,S
385,1,1,Passenger_385,male,,0,0,A/7499,36.8,nan,S
386,1,2,Passenger_386,male,14.4,0,0,A/6438,21.99,nan,S
387,0,3,Passenger_387,female,31.4,0,0,A/8833,2.18,B20,S
388,0,1,Passenger_388,male,6.8,0,3,A/458,25.99,D45,S
389,1,3,Passenger_389,female,-0.0,2,3,A/949,103.57,nan,S
390,1,3,Passenger_390,male,37.5,2,0,A/7598,14.22,nan,S
391,1,3,Passenger_391,male,44.7,1,0,A/4622,12.44,A23,S
392,0,3,Passenger_392,female,,0,1,A/2644,67.73,nan,S
393,0,1,Passenger_393,male,20.6,1,0,A/1931,39.66,nan,S
394,1,2,Passenger_394,female,44.1,0,1,A/1572,43.76,B57,S
395,0,3,Passenger_395,male,14.0,0,1,A/9728,13.26,nan,S
396,1,1,Passenger_396,female,10.9,0,0,A/429,31.42,nan,C
397,1,2,Passenger_397,female,39.9,0,0,A/5951,91.58,nan,C
398,0,1,Passenger_398,male,30.1,0,0,A/7132,45.48,B57,S
399,1,1,Passenger_399,male,44.9,0,0,A/5366,0.13,B20,S
400,1,2,Passenger_400,male,0.0,0,0,A/4454,55.78,nan,S
401,0,1,Passenger_401,male,10.4,1,1,A/6535,61.85,nan,S
402,1,3,Passenger_402,male,,0,2,A/8078,96.27,nan,C
403,0,3,Passenger_403,female,,0,2,A/4338,25.83,nan,C
404,1,3,Passenger_404,female,41.9,0,0,A/6212,15.28,A23,S
405,0,1,Passenger_405,female,32.4,0,1,A/4822,13.81,nan,Q
406,1,1,Passenger_406,female,,0,0,A/1488,20.15,C123,Q
407,0,1,Passenger_407,female,24.5,0,0,A/4285,19.96,B20,C
408,0,3,Passenger_408,female,52.3,0,0,A/9011,80.59,nan,S
409,1,3,Passenger_409,male,14.6,1,0,A/3335,1.56,D45,S
410,0,1,Passenger_410,female,35.0,0,1,A/4676,56.75,nan,S
411,0,3,Passenger_411,female,16.2,1,0,A/1200,19.73,nan,S
412,1,1,Passenger_412,male,37.5,0,0,A/8964,2.24,B20,S
413,1,3,Passenger_413,male,,0,0,A/8808,18.48,nan,S
414,0,3,Passenger_414,male,40.4,1,0,A/2632,51.83,nan,S
415,1,3,Passenger_415,male,31.6,0,0,A/7870,80.75,nan,Q
416,0,3,Passenger_416,female,54.4,0,0,A/3770,22.4,C85,S
417,0,3,Passenger_417,male,26.1,1,0,A/881,25.2,nan,S
418,0,2,Passenger_418,male,,0,0,A/3623,84.99,nan,C
419,1,3,Passenger_419,female,19.1,1,1,A/6231,9.91,nan,S
420,1,1,Passenger_420,male,26.0,0,0,A/4882,48.04,nan,S
421,1,3,Passenger_421,male,31.5,1,0,A/9881,33.76,nan,Q
422,1,3,Passenger_422,male,8.6,0,0,A/5095,27.07,C85,C
423,0,3,Passenger_423,female,10.2,0,0,A/1601,10.65,nan,S
424,0,3,Passenger_424,female,38.4,0,0,A/3180,66.01,D45,C
425,0,3,Passenger_425,male,,0,0,A/9368,144.1,nan,S
426,0,3,Passenger_426,female,21.7,0,1,A/9392,91.82,nan,C
427,0,3,Passenger_427,male,19.7,0,0,A/602,10.63,nan,C
428,1,1,Passenger_428,female,,0,1,A/9631,55.4,C85,S
429,0,1,Passenger_429,female,31.6,0,4,A/3985,52.75,nan,S
430,0,2,Passenger_430,female,,0,0,A/8109,98.75,nan,S
431,0,1,Passenger_431,male,0.7,2,0,A/723,44.89,nan,S
432,1,3,Passenger_432,female,49.8,0,0,A/1150,6.46,nan,Q
433,0,1,Passenger_433,female,,0,2,A/7485,45.24,nan,S
434,0,3,Passenger_434,male,,0,1,A/6181,17.56,nan,C
435,0,2,Passenger_435,female,45.2,0,0,A/5584,62.91,nan,C
436,1,1,Passenger_436,male,44.8,2,1,A/3872,3.58,nan,Q
437,0,3,Passenger_437,female,30.0,0,0,A/4016,20.37,nan,C
438,1,3,Passenger_438,male,,3,3,A/4118,0.5,nan,S
439,1,3,Passenger_439,female,44.2,0,2,A/1429,37.09,nan,S
440,0,3,Passenger_440,male,26.6,1,0,A/4214,23.19,C85,S
441,0,3,Passenger_441,male,37.7,0,0,A/3467,18.62,nan,S
442,1,1,Passenger_442,male,61.1,1,0,A/8195,86.21,nan,S
443,0,3,Passenger_443,male,33.5,0,0,A/5241,29.74,B20,S
444,0,3,Passenger_444,male,17.2,0,1,A/4051,67.13,nan,S
445,1,3,Passenger_445,male,25.3,0,0,A/5184,75.21,nan,Q
446,1,1,Passenger_446,male,18.9,0,0,A/1673,56.94,nan,C
447,1,3,Passenger_447,male,36.1,2,0,A/2734,5.74,nan,S
448,1,1,Passenger_448,male,18.7,0,3,A/2868,88.6,nan,S
449,0,1,Passenger_449,female,23.4,0,0,A/5402,0.9,B20,S
450,0,2,Passenger_450,male,12.0,1,0,A/6350,29.43,nan,S
451,1,3,Passenger_451,female,28.2,0,0,A/1311,107.09,nan,C
452,0,3,Passenger_452,female,32.5,2,3,A/9067,16.92,nan,S
453,0,3,Passenger_453,female,-7.6,1,1,A/6055,9.76,nan,S
454,1,3,Passenger_454,male,33.6,0,0,A/1260,27.15,C123,S
455,0,2,Passenger_455,female,29.4,1,0,A/6077,127.67,nan,S
456,0,2,Passenger_456,male,19.3,0,0,A/7141,57.31,nan,S
457,0,2,Passenger_457,male,58.4,0,0,A/2483,35.95,nan,S
458,0,3,Passenger_458,male,43.4,0,0,A/5976,8.78,nan,S
459,0,1,Passenger_459,female,14.7,0,2,A/3640,61.94,nan,C
460,0,3,Passenger_460,male,41.7,1,0,A/4735,67.98,nan,C
461,0,3,Passenger_461,male,47.4,2,1,A/1195,18.66,nan,S
462,1,2,Passenger_462,female,31.8,0,0,A/6001,69.33,nan,C
463,1,3,Passenger_463,female,35.1,0,0,A/8315,27.44,nan,S
464,0,3,Passenger_464,male,34.7,3,0,A/1179,36.24,nan,Q
465,1,3,Passenger_465,male,0.8,0,0,A/8470,9.21,nan,S
466,0,3,Passenger_466,female,27.4,0,0,A/2947,15.0,nan,S
467,0,2,Passenger_467,male,26.7,0,0,A/2060,16.51,B57,S
468,1,2,Passenger_468,male,50.0,1,0,A/1573,18.91,nan,S
469,0,3,Passenger_469,male,,0,0,A/4988,53.85,B20,S
470,1,3,Passenger_470,female,,1,0,A/5079,17.24,nan,S
471,0,1,Passenger_471,female,28.7,1,4,A/1312,29.98,nan,S
472,1,3,Passenger_472,female,44.3,0,0,A/5797,143.85,nan,S
473,0,3,Passenger_473,female,27.4,0,1,A/9101,21.23,nan,Q
474,1,3,Passenger_474,male,20.2,1,0,A/519,89.61,E46,C
475,0,1,Passenger_475,male,26.1,0,1,A/3759,38.82,nan,C
476,1,3,Passenger_476,male,,1,0,A/5383,57.83,nan,C
477,0,3,Passenger_477,male,,2,1,A/9570,22.47,nan,Q
478,0,1,Passenger_478,male,30.6,0,0,A/9732,3.55,D45,S
479,1,1,Passenger_479,female,32.7,1,0,A/1440,44.84,nan,S
480,0,3,Passenger_480,male,22.2,1,0,A/5237,38.11,nan,C
481,1,1,Passenger_481,female,27.3,1,0,A/5289,5.62,nan,C
482,1,3,Passenger_482,male,20.7,0,0,A/1461,7.89,nan,S
483,0,3,Passenger_483,male,25.9,0,0,A/691,43.7,nan,S
484,1,2,Passenger_484,male,48.8,0,0,A/626,50.28,nan,S
485,0,3,Passenger_485,male,14.9,0,1,A/7955,27.69,nan,Q
486,1,3,Passenger_486,female,20.4,0,0,A/1392,35.2,nan,S
487,0,3,Passenger_487,male,12.4,1,0,A/1754,64.62,nan,Q
488,0,2,Passenger_488,male,9.4,0,0,A/287,45.4,nan,Q
489,1,3,Passenger_489,male,27.4,0,0,A/2858,1.16,nan,S
490,1,1,Passenger_490,male,21.4,0,0,A/8820,80.44,nan,S
491,0,2,Passenger_491,male,54.7,1,0,A/8725,14.6,nan,S
492,1,3,Passenger_492,female,26.0,0,2,A/6531,31.71,nan,S
493,0,2,Passenger_493,female,48.1,0,1,A/6137,20.81,B57,S
494,0,3,Passenger_494,male,43.6,0,1,A/8594,64.34,nan,C
495,0,2,Passenger_495,female,27.1,1,0,A/4282,1.28,B20,S
496,0,3,Passenger_496,male,59.5,0,1,A/7073,78.91,nan,S
497,0,1,Passenger_497,male,,0,0,A/537,3.52,C85,S
498,0,3,Passenger_498,male,51.2,3,0,A/932,3.29,nan,Q
499,1,3,Passenger_499,male,49.6,1,0,A/9088,17.3,nan,S
500,1,1,Passenger_500,male,35.8,2,0,A/8851,69.19,nan,Q
501,1,1,Passenger_501,male,40.5,0,0,A/9053,32.34,B57,S
502,0,1,Passenger_502,male,38.7,0,0,A/5894,13.99,nan,S
503,0,3,Passenger_503,male,14.0,1,0,A/3674,15.19,nan,S
504,1,2,Passenger_504,male,30.8,0,0,A/3885,118.56,nan,S
505,1,3,Passenger_505,female,45.0,1,0,A/5320,73.9,nan,S
506,0,2,Passenger_506,male,,0,0,A/7850,26.46,nan,S
507,1,2,Passenger_507,male,19.9,0,0,A/6918,85.31,nan,S
508,1,3,Passenger_508,male,37.4,0,0,A/784,37.83,nan,S
509,1,3,Passenger_509,male,32.1,0,1,A/4333,13.92,D33,S
510,1,1,Passenger_510,male,28.3,0,0,A/677,30.71,nan,C
511,0,1,Passenger_511,male,35.0,0,0,A/8107,74.67,nan,S
512,0,1,Passenger_512,male,33.1,3,0,A/327,55.93,nan,S
513,1,3,Passenger_513,male,37.6,0,0,A/2428,52.98,nan,Q
514,1,3,Passenger_514,male,50.2,0,1,A/2831,95.22,nan,C
515,0,3,Passenger_515,male,41.0,1,0,A/9119,8.73,nan,Q
516,0,3,Passenger_516,male,34.3,0,0,A/530,0.12,nan,S
517,0,3,Passenger_517,male,56.1,0,1,A/9355,12.7,nan,C
518,1,3,Passenger_518,male,,1,0,A/1809,14.24,nan,S
519,1,3,Passenger_519,female,,0,0,A/5882,21.31,nan,S
520,0,1,Passenger_520,male,13.0,1,0,A/1334,45.76,nan,C
521,0,1,Passenger_521,male,16.2,1,0,A/8593,73.33,E46,S
522,0,2,Passenger_522,male,43.1,3,0,A/5305,69.02,nan,S
523,1,1,Passenger_523,female,21.2,0,0,A/1520,28.1,nan,S
524,1,3,Passenger_524,male,15.9,0,4,A/868,134.96,nan,C
525,1,3,Passenger_525,male,19.4,0,0,A/6134,92.0,B57,S
526,0,1,Passenger_526,male,20.4,0,0,A/9696,29.92,nan,S
527,0,1,Passenger_527,male,,1,0,A/8735,10.89,nan,S
528,0,3,Passenger_528,male,,0,1,A/3204,101.9,nan,S
529,0,3,Passenger_529,male,10.8,0,1,A/4455,85.38,nan,Q
530,1,2,Passenger_530,female,30.4,1,0,A/3405,35.52,nan,S
531,1,3,Passenger_531,male,33.1,0,0,A/1638,89.29,A23,S
532,1,1,Passenger_532,female,23.3,0,0,A/1431,27.28,D33,Q
533,1,1,Passenger_533,female,46.2,0,0,A/8268,8.05,nan,S
534,0,3,Passenger_534,male,24.1,1,0,A/7039,63.96,nan,S
535,1,3,Passenger_535,male,,0,0,A/8361,21.55,A23,C
536,1,1,Passenger_536,male,,1,0,A/5658,34.39,B57,S
537,1,3,Passenger_537,male,43.0,0,1,A/6044,114.37,B20,S
538,0,3,Passenger_538,male,14.6,1,0,A/7226,82.86,nan,C
539,0,3,Passenger_539,female,31.4,1,2,A/580,5.86,B57,C
540,0,3,Passenger_540,female,,0,0,A/5363,54.47,nan,C
541,1,3,Passenger_541,male,10.1,0,0,A/4194,76.31,nan,Q
542,0,3,Passenger_542,male,45.5,0,0,A/6267,39.3,B57,C
543,0,3,Passenger_543,female,18.6,1,0,A/2893,5.64,nan,C
544,1,1,Passenger_544,female,,0,0,A/2992,8.39,nan,C
545,0,1,Passenger_545,female,15.8,0,0,A/1298,54.27,nan,S
546,0,2,Passenger_546,male,39.8,0,0,A/8111,55.65,nan,S
547,0,3,Passenger_547,male,8.6,0,0,A/2472,20.35,nan,C
548,1,1,Passenger_548,male,38.7,0,1,A/1992,95.96,nan,S
549,0,3,Passenger_549,male,44.6,0,0,A/5890,29.53,A23,S
550,1,3,Passenger_550,male,37.5,0,0,A/1983,65.98,B57,S
551,0,1,Passenger_551,male,40.0,1,0,A/5567,71.54,nan,S
552,1,3,Passenger_552,female,40.6,0,2,A/897,94.21,nan,S
553,0,3,Passenger_553,male,,0,0,A/8309,86.81,nan,C
554,0,3,Passenger_554,male,,2,0,A/8335,37.05,nan,Q
555,1,1,Passenger_555,male,23.6,1,0,A/254,64.9,nan,C
556,0,3,Passenger_556,male,29.1,2,0,A/5062,61.44,nan,C
557,0,3,Passenger_557,male,25.3,0,3,A/4180,29.16,nan,S
558,0,3,Passenger_558,male,36.9,0,0,A/8150,33.69,nan,S
559,1,3,Passenger_559,female,22.5,0,0,A/6047,83.36,nan,S
560,1,3,Passenger_560,male,30.9,1,0,A/9717,105.36,nan,S
561,1,3,Passenger_561,male,12.7,0,0,A/4420,25.43,nan,S
562,0,3,Passenger_562,male,46.3,0,2,A/1992,35.56,nan,S
563,0,3,Passenger_563,female,39.4,0,0,A/9189,28.16,nan,S
564,0,1,Passenger_564,female,,0,0,A/3524,3.69,nan,S
565,0,3,Passenger_565,female,23.4,0,0,A/9550,42.25,D33,Q
566,0,3,Passenger_566,male,39.0,0,0,A/2115,95.4,nan,S
567,0,3,Passenger_567,male,20.1,0,1,A/6773,77.28,B20,S
568,0,1,Passenger_568,male,,0,0,A/6132,114.06,B20,S
569,1,3,Passenger_569,male,46.3,3,0,A/4933,14.67,nan,S
570,0,2,Passenger_570,female,18.6,1,1,A/9994,60.59,D45,S
571,0,3,Passenger_571,male,35.2,2,0,A/9165,65.94,nan,S
572,1,1,Passenger_572,female,34.4,1,0,A/665,71.77,nan,S
573,0,3,Passenger_573,female,,0,0,A/7512,38.1,nan,Q
574,1,3,Passenger_574,male,22.9,0,3,A/2118,49.78,nan,S
575,1,1,Passenger_575,female,47.0,0,0,A/2414,49.45,C123,Q
576,1,3,Passenger_576,male,21.6,0,0,A/4512,3.49,B20,C
577,0,2,Passenger_577,male,4.6,0,0,A/3983,52.9,nan,S
578,1,3,Passenger_578,male,39.0,0,0,A/8316,25.96,nan,S
579,0,3,Passenger_579,male,13.2,0,0,A/6839,29.79,nan,S
580,0,3,Passenger_580,male,39.7,0,0,A/9429,4.34,D45,S
581,0,3,Passenger_581,male,,0,0,A/8002,4.22,nan,S
582,1,3,Passenger_582,male,38.8,0,0,A/1289,124.96,nan,C
583,0,2,Passenger_583,male,45.0,1,0,A/7256,77.94,nan,S
584,0,2,Passenger_584,male,58.3,0,1,A/7442,22.4,nan,Q
585,1,3,Passenger_585,male,43.5,0,2,A/6984,68.6,B20,C
586,0,3,Passenger_586,male,34.6,0,0,A/3257,13.99,nan,Q
587,0,3,Passenger_587,male,52.9,0,0,A/5620,40.54,nan,S
588,0,3,Passenger_588,female,54.6,0,0,A/1841,57.08,nan,Q
589,0,2,Passenger_589,female,54.8,0,0,A/3788,14.12,D45,S
590,0,3,Passenger_590,female,23.1,0,1,A/7585,0.74,nan,S
591,0,1,Passenger_591,female,11.0,0,0,A/5469,96.2,B57,C
592,1,3,Passenger_592,male,,2,0,A/5744,65.71,E46,S
593,0,1,Passenger_593,female,39.9,2,1,A/9189,77.73,nan,S
594,0,2,Passenger_594,male,32.2,0,0,A/4123,1.59,D45,S
595,1,2,Passenger_595,male,,0,0,A/816,4.06,nan,S
596,0,2,Passenger_596,female,37.8,1,0,A/4067,3.94,nan,S
597,1,3,Passenger_597,male,9.4,0,0,A/7523,78.12,C123,S
598,0,2,Passenger_598,female,,0,0,A/6550,35.96,D45,S
599,0,3,Passenger_599,female,45.7,0,1,A/3315,34.48,nan,S
600,0,1,Passenger_600,female,37.7,2,1,A/7925,15.84,B57,Q
601,0,2,Passenger_601,female,39.7,0,0,A/490,62.09,nan,S
602,0,1,Passenger_602,male,52.4,0,2,A/9991,24.02,nan,C
603,0,1,Passenger_603,male,,1,0,A/3137,2.77,nan,Q
604,0,3,Passenger_604,male,,0,1,A/332,51.56,nan,S
605,0,3,Passenger_605,male,46.7,0,0,A/3231,115.91,D33,S
606,0,3,Passenger_606,male,46.4,3,1,A/7734,58.07,D45,S
607,0,3,Passenger_607,female,37.8,0,1,A/333,100.05,D45,S
608,0,2,Passenger_608,female,27.8,0,0,A/1491,6.12,nan,S
609,0,3,Passenger_609,male,30.0,0,2,A/9547,34.58,nan,S
610,1,3,Passenger_610,male,12.1,0,1,A/989,33.57,nan,S
611,0,3,Passenger_611,male,45.6,0,1,A/8002,40.93,B57,S
612,1,1,Passenger_612,male,45.1,0,0,A/845,57.03,nan,S
613,1,2,Passenger_613,female,11.6,0,1,A/527,10.95,nan,Q
614,0,2,Passenger_614,male,,1,1,A/831,67.37,nan,S
615,1,2,Passenger_615,male,35.7,0,0,A/899,46.39,nan,Q
616,1,3,Passenger_616,male,15.7,0,2,A/6607,31.79,nan,Q
617,0,3,Passenger_617,female,13.1,0,0,A/7125,141.78,nan,S
618,0,3,Passenger_618,male,35.2,1,0,A/9127,9.49,nan,S
619,1,3,Passenger_619,male,,0,0,A/7724,71.48,nan,C
620,1,3,Passenger_620,male,55.5,0,0,A/8426,119.91,nan,C
621,0,3,Passenger_621,male,43.3,0,0,A/5483,80.72,E46,S
622,0,3,Passenger_622,male,36.6,0,0,A/6307,91.31,nan,Q
623,0,1,Passenger_623,female,37.3,0,2,A/2638,67.45,nan,S
624,0,1,Passenger_624,male,48.6,1,0,A/3818,117.02,nan,S
625,0,1,Passenger_625,male,,0,0,A/8332,24.08,nan,S
626,0,3,Passenger_626,male,37.0,0,0,A/3467,107.56,D33,S
627,0,3,Passenger_627,female,,0,0,A/5108,1.97,nan,S
628,1,2,Passenger_628,male,72.9,1,2,A/5329,87.74,nan,S
629,0,3,Passenger_629,female,14.6,0,0,A/7488,33.2,nan,S
630,0,1,Passenger_630,male,25.6,0,1,A/2515,73.54,nan,S
631,1,3,Passenger_631,male,,0,0,A/7271,37.44,nan,C
632,1,2,Passenger_632,male,,0,0,A/3049,56.97,nan,C
633,0,1,Passenger_633,male,32.1,0,0,A/4361,121.03,nan,S
634,0,3,Passenger_634,female,40.7,0,0,A/5245,45.5,nan,S
635,0,2,Passenger_635,male,5.7,0,0,A/3566,21.81,nan,S
636,0,2,Passenger_636,male,45.6,0,0,A/3188,54.91,nan,S
637,0,2,Passenger_637,male,18.7,0,0,A/1215,22.39,nan,S
638,0,3,Passenger_638,male,,0,1,A/4678,135.9,nan,S
639,0,3,Passenger_639,male,43.0,0,0,A/2690,46.53,nan,C
640,0,2,Passenger_640,male,,1,0,A/7472,12.65,D45,Q
641,0,3,Passenger_641,female,34.6,3,0,A/3673,51.87,nan,S
642,0,3,Passenger_642,male,41.2,3,0,A/3078,13.57,nan,C
643,0,2,Passenger_643,male,36.0,1,1,A/9522,39.65,nan,S
644,0,2,Passenger_644,female,25.2,0,0,A/7413,25.87,nan,S
645,0,1,Passenger_645,male,27.7,1,0,A/7122,34.57,A23,S
646,1,1,Passenger_646,female,,0,2,A/5075,11.11,nan,S
647,0,3,Passenger_647,male,17.5,0,0,A/5025,21.14,nan,S
648,1,1,Passenger_648,female,43.9,0,0,A/8147,133.79,B20,C
649,1,3,Passenger_649,male,34.0,0,0,A/8190,19.19,nan,C
650,0,3,Passenger_650,female,,1,0,A/8151,35.35,nan,C
651,0,1,Passenger_651,female,46.7,0,1,A/5392,5.14,nan,C
652,0,3,Passenger_652,male,28.3,0,1,A/6745,49.85,nan,Q
653,0,2,Passenger_653,female,27.4,2,3,A/5503,28.72,nan,S
654,1,3,Passenger_654,male,23.2,0,0,A/3530,77.02,nan,S
655,0,3,Passenger_655,male,34.8,0,0,A/2095,136.81,C123,S
656,0,3,Passenger_656,male,34.3,2,0,A/6130,6.98,A23,S
657,0,3,Passenger_657,male,20.7,0,0,A/3991,95.85,nan,S
658,0,1,Passenger_658,male,27.5,0,0,A/7245,15.91,nan,S
659,1,3,Passenger_659,male,20.8,0,0,A/8598,110.29,nan,S
660,0,3,Passenger_660,male,20.1,0,0,A/9654,144.42,nan,S
661,0,3,Passenger_661,female,5.8,1,0,A/2202,23.31,A23,Q
662,1,3,Passenger_662,female,26.8,0,1,A/3130,41.01,nan,S
663,0,3,Passenger_663,male,6.2,0,1,A/8624,82.4,nan,S
664,0,1,Passenger_664,male,23.5,0,0,A/8207,46.22,D45,S
665,0,1,Passenger_665,male,,0,0,A/342,60.09,E46,C
666,0,3,Passenger_666,male,44.7,3,0,A/1984,18.01,E46,S
667,0,2,Passenger_667,male,15.8,0,1,A/8115,9.22,D33,S
668,0,3,Passenger_668,male,19.3,0,0,A/9724,93.02,nan,S
669,0,3,Passenger_669,male,24.7,0,0,A/6847,50.99,C85,S
670,0,2,Passenger_670,female,21.9,1,0,A/8594,37.18,nan,S
671,0,1,Passenger_671,male,49.2,2,0,A/4430,69.34,B20,S
672,1,3,Passenger_672,male,14.1,0,0,A/7963,59.31,nan,S
673,0,2,Passenger_673,male,,0,1,A/3209,18.74,nan,S
674,0,3,Passenger_674,male,34.6,0,0,A/2286,115.99,A23,S
675,0,2,Passenger_675,male,42.3,1,0,A/1650,4.09,nan,Q
676,1,3,Passenger_676,male,24.7,0,0,A/746,26.55,D45,Q
677,0,1,Passenger_677,male,3.1,1,0,A/6244,73.43,nan,S
678,0,3,Passenger_678,male,27.9,0,1,A/4756,38.84,C85,S
679,1,3,Passenger_679,female,48.9,1,0,A/9004,34.22,nan,S
680,1,3,Passenger_680,female,34.0,0,1,A/637,44.19,nan,S
681,1,1,Passenger_681,male,33.3,0,0,A/6672,14.28,nan,S
682,0,3,Passenger_682,male,,0,0,A/334,77.85,D45,S
683,0,3,Passenger_683,male,13.7,0,0,A/9796,42.56,nan,S
684,1,1,Passenger_684,male,30.3,1,0,A/6639,39.73,nan,S
685,1,1,Passenger_685,male,10.0,1,0,A/1474,17.41,D45,S
686,0,1,Passenger_686,male,40.9,0,0,A/2009,23.5,nan,S
687,0,3,Passenger_687,male,18.1,0,0,A/9207,83.51,C85,S
688,0,3,Passenger_688,male,29.7,0,0,A/7318,3.83,nan,S
689,1,3,Passenger_689,male,3.6,1,1,A/180,33.37,nan,S
690,0,1,Passenger_690,female,24.5,0,2,A/2183,11.82,nan,S
691,0,2,Passenger_691,female,13.4,0,0,A/1790,24.19,nan,S
692,0,3,Passenger_692,female,-2.5,0,2,A/856,30.76,nan,S
693,0,3,Passenger_693,male,37.6,0,0,A/2770,43.69,E46,S
694,0,3,Passenger_694,female,53.0,0,0,A/3851,134.69,nan,S
695,0,1,Passenger_695,male,45.8,0,1,A/8759,12.23,B57,S
696,0,3,Passenger_696,female,39.5,0,0,A/5361,32.49,nan,S
697,0,2,Passenger_697,male,24.2,4,0,A/6952,27.5,nan,S
698,0,2,Passenger_698,female,41.3,0,0,A/1594,65.61,A23,C
699,0,3,Passenger_699,male,47.1,0,1,A/5840,54.9,nan,Q
700,0,3,Passenger_700,female,31.9,0,1,A/9311,109.42,nan,Q
701,0,3,Passenger_701,female,13.4,1,0,A/8155,90.58,nan,S
702,0,1,Passenger_702,male,23.0,0,0,A/1001,52.57,nan,Q
703,0,1,Passenger_703,male,53.8,0,0,A/772,11.5,nan,S
704,0,3,Passenger_704,female,29.0,0,0,A/8730,45.23,nan,S
705,0,3,Passenger_705,male,-16.5,0,0,A/544,29.45,nan,S
706,1,2,Passenger_706,female,,0,1,A/9257,82.67,B20,C
707,0,1,Passenger_707,male,24.1,1,0,A/8755,76.31,nan,S
708,1,1,Passenger_708,male,,1,0,A/2298,20.18,nan,C
709,0,3,Passenger_709,male,26.2,0,0,A/2387,38.1,B57,S
710,1,1,Passenger_710,male,44.8,0,0,A/4108,101.67,B57,S
711,1,2,Passenger_711,female,22.6,2,2,A/9204,64.09,nan,S
712,0,1,Passenger_712,male,2.5,0,0,A/596,19.03,nan,S
713,0,2,Passenger_713,male,23.1,1,0,A/1563,62.14,nan,S
714,0,1,Passenger_714,male,34.8,0,0,A/6928,38.74,C123,S
715,0,3,Passenger_715,male,33.7,2,0,A/4353,100.93,nan,S
716,1,1,Passenger_716,female,12.4,1,0,A/593,61.49,C85,S
717,1,3,Passenger_717,female,25.1,2,0,A/5165,15.14,nan,S
718,1,1,Passenger_718,male,,0,0,A/5530,114.95,nan,C
719,0,3,Passenger_719,female,12.7,0,0,A/1526,63.16,nan,S
720,1,3,Passenger_720,female,39.3,2,0,A/9984,123.63,nan,S
721,1,3,Passenger_721,male,0.6,0,0,A/1893,26.09,nan,S
722,0,3,Passenger_722,female,42.1,0,2,A/2823,88.61,nan,S
723,0,2,Passenger_723,male,17.5,1,0,A/758,85.61,nan,Q
724,1,2,Passenger_724,male,35.6,1,0,A/4861,49.09,nan,C
725,0,3,Passenger_725,female,,2,0,A/7730,20.22,nan,S
726,1,3,Passenger_726,male,34.1,0,0,A/8841,29.67,D33,S
727,0,3,Passenger_727,female,17.3,1,0,A/8934,45.98,A23,C
728,1,3,Passenger_728,female,20.0,1,0,A/4450,21.27,B57,C
729,0,3,Passenger_729,male,,0,0,A/307,78.66,nan,C
730,0,3,Passenger_730,female,24.0,0,0,A/4290,15.45,nan,C
731,0,1,Passenger_731,male,35.3,0,0,A/1983,47.11,nan,S
732,1,3,Passenger_732,male,27.3,0,1,A/2986,47.47,nan,S
733,1,3,Passenger_733,male,30.9,4,0,A/577,34.39,nan,S
734,0,1,Passenger_734,female,36.2,0,0,A/9053,0.26,nan,S
735,0,3,Passenger_735,male,,1,0,A/8481,67.94,nan,S
736,1,1,Passenger_736,male,16.1,3,0,A/6954,44.35,nan,S
737,0,3,Passenger_737,female,,0,0,A/855,35.43,nan,S
738,1,1,Passenger_738,female,46.7,1,1,A/9738,104.27,C85,S
739,0,3,Passenger_739,female,31.6,0,0,A/5031,12.63,nan,S
740,0,3,Passenger_740,male,18.2,1,1,A/9955,1.37,B20,S
741,0,2,Passenger_741,male,35.6,0,0,A/5824,71.28,E46,S
742,0,3,Passenger_742,male,36.6,2,0,A/4250,43.17,nan,C
743,1,3,Passenger_743,female,37.3,0,0,A/4160,72.27,nan,C
744,0,3,Passenger_744,male,16.3,0,1,A/4865,36.92,nan,S
745,0,1,Passenger_745,male,20.4,1,0,A/3712,84.41,nan,S
746,1,2,Passenger_746,female,20.5,0,0,A/6653,94.0,nan,S
747,0,1,Passenger_747,male,,0,0,A/7478,138.5,nan,S
748,0,3,Passenger_748,female,37.5,0,0,A/1789,99.2,nan,S
749,1,3,Passenger_749,female,,1,0,A/1416,141.94,nan,S
750,1,3,Passenger_750,female,35.3,0,2,A/7230,57.55,nan,C
751,0,3,Passenger_751,male,49.0,0,3,A/3286,11.66,nan,S
752,1,3,Passenger_752,male,39.6,0,0,A/5889,19.21,nan,S
753,1,3,Passenger_753,female,28.0,0,2,A/1245,41.14,D45,S
754,0,1,Passenger_754,female,13.4,0,0,A/4494,27.55,nan,S
755,0,3,Passenger_755,female,20.0,0,0,A/8042,60.43,nan,S
756,1,1,Passenger_756,male,26.3,0,0,A/7648,37.83,nan,C
757,1,3,Passenger_757,female,41.6,0,0,A/660,21.04,C123,S
758,0,3,Passenger_758,female,29.6,0,3,A/2012,6.17,nan,S
759,1,3,Passenger_759,female,20.8,1,0,A/1964,1.9,nan,S
760,1,1,Passenger_760,female,,0,0,A/396,50.82,E46,S
761,0,2,Passenger_761,female,29.0,0,0,A/2509,33.58,nan,S
762,0,2,Passenger_762,male,,0,0,A/7730,24.45,A23,S
763,0,2,Passenger_763,male,,0,0,A/1561,106.19,nan,S
764,1,1,Passenger_764,male,27.1,1,4,A/4392,8.22,nan,S
765,0,3,Passenger_765,male,29.4,0,1,A/2368,2.87,nan,C
766,0,3,Passenger_766,male,13.0,0,1,A/1094,24.06,nan,S
767,1,2,Passenger_767,male,57.1,0,0,A/6654,36.53,D33,S
768,1,2,Passenger_768,male,10.4,1,0,A/107,93.96,nan,S
769,0,3,Passenger_769,male,46.4,0,0,A/2615,135.13,nan,S
770,1,3,Passenger_770,male,24.9,0,0,A/1517,49.27,E46,S
771,0,3,Passenger_771,female,21.6,0,0,A/2416,42.0,nan,S
772,1,3,Passenger_772,female,14.5,3,0,A/7458,7.83,nan,S
773,0,3,Passenger_773,male,63.7,0,0,A/4032,16.17,B20,S
774,0,3,Passenger_774,female,33.1,0,0,A/6304,66.46,C123,S
775,1,3,Passenger_775,male,30.3,1,0,A/1387,19.26,B20,S
776,0,1,Passenger_776,male,42.4,1,0,A/1218,26.89,nan,S
777,0,3,Passenger_777,male,20.9,0,0,A/8844,33.73,nan,C
778,1,1,Passenger_778,male,30.0,1,2,A/7737,5.46,nan,Q
779,1,3,Passenger_779,female,,1,0,A/760,31.25,nan,S
780,1,2,Passenger_780,female,,0,1,A/9007,65.97,nan,S
781,1,3,Passenger_781,male,46.8,0,0,A/7022,62.44,nan,S
782,0,3,Passenger_782,male,26.9,0,0,A/8204,152.59,D33,S
783,0,3,Passenger_783,male,8.3,3,0,A/6437,7.4,nan,S
784,0,3,Passenger_784,male,25.8,1,1,A/2629,53.69,nan,C
785,0,2,Passenger_785,male,33.5,0,1,A/4070,77.58,nan,S
786,1,1,Passenger_786,male,17.5,1,0,A/3507,99.01,nan,Q
787,0,2,Passenger_787,female,18.6,0,0,A/9750,21.78,nan,C
788,0,1,Passenger_788,female,22.4,0,0,A/9146,55.17,nan,S
789,0,3,Passenger_789,male,,0,0,A/7516,48.36,D45,C
790,1,2,Passenger_790,female,,0,2,A/4860,41.43,nan,S
791,0,3,Passenger_791,male,50.0,1,0,A/1997,17.72,D45,S
792,0,3,Passenger_792,male,21.4,0,0,A/6464,28.32,nan,C
793,0,3,Passenger_793,male,34.6,1,0,A/8564,42.18,D45,S
794,0,1,Passenger_794,female,23.8,0,0,A/4187,53.09,C123,C
795,0,3,Passenger_795,female,40.6,0,0,A/9564,50.99,nan,C
796,1,3,Passenger_796,male,,3,0,A/4474,24.12,nan,Q
797,1,3,Passenger_797,male,40.4,0,0,A/7707,54.21,C123,S
798,0,3,Passenger_798,female,31.6,0,0,A/4119,20.75,nan,S
799,1,3,Passenger_799,male,21.0,0,0,A/915,67.1,nan,S
800,1,1,Passenger_800,female,27.7,1,1,A/7355,3.63,D33,S
801,1,3,Passenger_801,male,51.5,0,0,A/1022,38.65,nan,S
802,0,2,Passenger_802,male,31.9,0,0,A/4967,46.19,nan,S
803,0,1,Passenger_803,male,20.2,0,0,A/1364,16.5,nan,S
804,0,2,Passenger_804,male,13.1,0,0,A/3824,63.37,nan,C
805,0,1,Passenger_805,male,37.1,1,0,A/2822,16.69,nan,C
806,1,1,Passenger_806,female,32.7,0,0,A/5455,18.99,nan,S
807,1,1,Passenger_807,male,39.7,0,0,A/2650,85.25,B57,S
808,1,3,Passenger_808,female,9.5,0,3,A/5419,33.4,nan,S
809,0,3,Passenger_809,female,13.6,0,0,A/6786,20.32,nan,S
810,0,3,Passenger_810,female,46.1,2,0,A/1773,40.09,nan,S
811,1,2,Passenger_811,male,34.6,0,0,A/4687,51.67,nan,S
812,1,2,Passenger_812,male,37.5,4,0,A/5453,32.2,C123,S
813,0,3,Passenger_813,male,16.5,0,0,A/6957,15.87,C85,S
814,1,2,Passenger_814,female,16.3,0,1,A/1766,16.04,nan,S
815,1,1,Passenger_815,male,43.9,1,0,A/4611,70.8,nan,S
816,0,3,Passenger_816,male,44.5,0,0,A/6272,45.64,C85,Q
817,0,1,Passenger_817,male,14.8,1,0,A/1484,18.3,nan,S
818,0,3,Passenger_818,male,12.1,4,0,A/4503,99.66,nan,S
819,0,3,Passenger_819,male,,0,0,A/4054,132.5,nan,S
820,0,1,Passenger_820,male,18.8,0,0,A/6405,27.29,nan,S
821,1,1,Passenger_821,female,18.5,1,0,A/8352,61.13,nan,S
822,0,3,Passenger_822,male,12.5,0,0,A/7338,189.49,nan,S
823,0,3,Passenger_823,male,23.4,0,0,A/7081,49.01,nan,S
824,0,1,Passenger_824,male,13.8,0,3,A/6126,40.77,nan,S
825,0,3,Passenger_825,male,14.7,0,0,A/6709,32.21,nan,C
826,1,1,Passenger_826,male,34.2,1,1,A/8764,59.51,nan,S
827,0,3,Passenger_827,female,29.2,0,1,A/1058,72.74,nan,S
828,0,3,Passenger_828,male,36.8,0,0,A/8824,27.24,nan,C
829,1,1,Passenger_829,female,6.9,0,0,A/593,33.68,nan,S
830,0,1,Passenger_830,male,,0,0,A/7142,78.47,nan,C
831,0,1,Passenger_831,male,,0,0,A/181,24.53,C123,Q
832,0,2,Passenger_832,female,24.8,1,0,A/7099,10.13,A23,S
833,0,1,Passenger_833,male,,0,1,A/3070,51.96,nan,Q
834,0,3,Passenger_834,male,41.4,1,2,A/111,47.82,nan,C
835,0,1,Passenger_835,male,,1,0,A/7924,9.38,nan,Q
836,0,3,Passenger_836,male,32.3,0,0,A/861,83.33,nan,S
837,1,3,Passenger_837,female,,0,0,A/3285,1.18,nan,S
838,0,3,Passenger_838,male,39.8,0,1,A/125,60.25,nan,C
839,0,3,Passenger_839,female,38.9,0,0,A/1906,47.88,B20,S
840,1,2,Passenger_840,female,14.4,1,0,A/6751,5.67,nan,S
841,0,3,Passenger_841,male,6.1,1,0,A/5764,25.71,nan,S
842,1,3,Passenger_842,female,8.2,0,0,A/5254,1.49,C123,S
843,0,2,Passenger_843,male,26.2,0,2,A/5924,133.72,nan,S
844,1,1,Passenger_844,female,,2,0,A/3759,42.9,nan,S
845,0,3,Passenger_845,male,14.5,3,0,A/1625,176.67,B20,Q
846,0,3,Passenger_846,female,,0,2,A/860,15.47,B57,S
847,0,1,Passenger_847,male,,0,0,A/694,44.17,nan,Q
848,1,2,Passenger_848,male,23.1,0,0,A/7292,6.26,nan,Q
849,0,2,Passenger_849,male,18.3,2,0,A/1155,4.17,D45,S
850,0,3,Passenger_850,female,,0,0,A/3183,4.24,C123,S
851,0,3,Passenger_851,male,33.2,0,0,A/3775,65.06,nan,C
852,1,3,Passenger_852,male,54.0,0,0,A/9750,35.54,nan,S
853,0,1,Passenger_853,female,29.1,0,0,A/6057,53.21,nan,C
854,1,2,Passenger_854,female,4.1,0,0,A/5355,74.22,B20,S
855,0,3,Passenger_855,female,40.9,5,1,A/9511,48.68,nan,S
856,0,1,Passenger_856,female,7.3,0,1,A/4328,77.46,nan,S
857,0,2,Passenger_857,female,13.1,0,0,A/4281,28.73,nan,S
858,0,3,Passenger_858,female,26.7,0,0,A/9791,68.94,nan,S
859,0,1,Passenger_859,male,31.7,0,0,A/1930,37.57,nan,S
860,0,3,Passenger_860,male,15.9,0,0,A/3495,114.92,nan,C
861,1,1,Passenger_861,female,26.1,0,1,A/1303,7.76,nan,S
862,0,1,Passenger_862,female,40.0,0,0,A/2910,175.8,nan,Q
863,0,2,Passenger_863,male,41.9,0,0,A/3192,84.54,nan,S
864,0,3,Passenger_864,male,47.5,0,0,A/3144,18.52,nan,C
865,0,3,Passenger_865,female,56.7,0,0,A/6171,49.93,nan,S
866,0,3,Passenger_866,male,41.3,3,0,A/7372,127.55,C85,Q
867,0,3,Passenger_867,male,27.0,2,0,A/4773,21.91,nan,S
868,0,1,Passenger_868,male,42.0,0,3,A/3614,26.42,nan,S
869,1,3,Passenger_869,male,36.5,0,1,A/6292,57.16,nan,Q
870,1,3,Passenger_870,male,37.1,1,0,A/244,34.76,C123,S
871,0,3,Passenger_871,male,,0,0,A/7607,5.31,nan,S
872,0,1,Passenger_872,male,17.2,1,1,A/4957,27.83,nan,S
873,1,3,Passenger_873,female,15.6,2,0,A/1477,43.43,nan,C
874,0,1,Passenger_874,male,28.6,0,0,A/3246,53.94,nan,S
875,0,2,Passenger_875,female,32.1,0,0,A/5124,69.77,nan,S
876,0,3,Passenger_876,female,20.5,3,1,A/893,130.64,nan,C
877,1,3,Passenger_877,male,35.9,0,0,A/9893,73.69,nan,C
878,1,2,Passenger_878,female,,0,0,A/5856,31.61,nan,S
879,0,2,Passenger_879,male,5.6,0,1,A/4514,94.59,nan,S
880,0,3,Passenger_880,female,38.2,0,1,A/1210,28.77,nan,S
881,0,3,Passenger_881,male,29.1,1,1,A/5772,81.91,A23,C
882,1,3,Passenger_882,female,,1,0,A/4153,29.55,nan,C
883,0,3,Passenger_883,male,,5,0,A/4037,51.43,nan,S
884,0,3,Passenger_884,male,28.0,0,0,A/4063,49.61,nan,S
885,1,2,Passenger_885,male,31.8,0,0,A/5042,68.63,nan,S
886,0,3,Passenger_886,female,25.8,0,0,A/5997,4.05,nan,S
887,1,2,Passenger_887,female,8.7,0,0,A/9074,47.99,D45,S
888,0,2,Passenger_888,male,26.7,0,1,A/1216,12.29,B57,S
889,0,3,Passenger_889,female,,3,0,A/1850,48.0,nan,S
890,0,1,Passenger_890,male,39.1,1,0,A/4127,37.66,nan,S
891,1,3,Passenger_891,female,3.9,0,0,A/5845,6.04,A23,S
